<metadata__cache__entry>
  <version>5.2.0.0</version>
  <connectorName>MySQL_Configuration</connectorName>
  <metadataIo class="tree-map">
    <entry>
      <string>http://www.mulesoft.org/schema/mule/db/insert</string>
      <map>
        <entry>
          <string>insert into File (fileName, fileType)
values (#[json:filename],&apos;ad&apos;)</string>
          <org.mule.tooling.metadata.cache.DefaultMetadataCacheEntry>
            <output class="org.mule.common.metadata.DefaultMetaData">
              <payload class="org.mule.common.metadata.DefaultListMetaDataModel">
                <dataType>LIST</dataType>
                <metaDataModelPropertiesManager>
                  <properties/>
                </metaDataModelPropertiesManager>
                <model class="org.mule.common.metadata.DefaultParameterizedMapMetaDataModel">
                  <dataType>MAP</dataType>
                  <metaDataModelPropertiesManager>
                    <properties/>
                  </metaDataModelPropertiesManager>
                  <keyMetaDataModel class="org.mule.common.metadata.DefaultSimpleMetaDataModel">
                    <dataType>STRING</dataType>
                    <metaDataModelPropertiesManager>
                      <properties/>
                    </metaDataModelPropertiesManager>
                  </keyMetaDataModel>
                  <valueMetaDataModel class="org.mule.tooling.metadata.api.TypeRefMetaDataModel">
                    <connectorName>MySQL_Configuration</connectorName>
                    <typeId>java.lang.Object</typeId>
                  </valueMetaDataModel>
                </model>
                <isArray>false</isArray>
              </payload>
              <properties>
                <entry>
                  <org.mule.common.metadata.MetaDataPropertyScope>OUTBOUND</org.mule.common.metadata.MetaDataPropertyScope>
                  <org.mule.common.metadata.MetaDataProperties>
                    <fields/>
                  </org.mule.common.metadata.MetaDataProperties>
                </entry>
                <entry>
                  <org.mule.common.metadata.MetaDataPropertyScope>FLOW</org.mule.common.metadata.MetaDataPropertyScope>
                  <org.mule.common.metadata.MetaDataProperties>
                    <fields/>
                  </org.mule.common.metadata.MetaDataProperties>
                </entry>
                <entry>
                  <org.mule.common.metadata.MetaDataPropertyScope>INBOUND</org.mule.common.metadata.MetaDataPropertyScope>
                  <org.mule.common.metadata.MetaDataProperties>
                    <fields/>
                  </org.mule.common.metadata.MetaDataProperties>
                </entry>
                <entry>
                  <org.mule.common.metadata.MetaDataPropertyScope>SESSION</org.mule.common.metadata.MetaDataPropertyScope>
                  <org.mule.common.metadata.MetaDataProperties>
                    <fields/>
                  </org.mule.common.metadata.MetaDataProperties>
                </entry>
                <entry>
                  <org.mule.common.metadata.MetaDataPropertyScope>RECORD</org.mule.common.metadata.MetaDataPropertyScope>
                  <org.mule.common.metadata.MetaDataProperties>
                    <fields/>
                  </org.mule.common.metadata.MetaDataProperties>
                </entry>
              </properties>
            </output>
          </org.mule.tooling.metadata.cache.DefaultMetadataCacheEntry>
        </entry>
        <entry>
          <string>insert into UpNext (fileId, storeId)
values (#[flowVars.fileId],#[flowVars.storeId])</string>
          <org.mule.tooling.metadata.cache.DefaultMetadataCacheEntry>
            <output class="org.mule.common.metadata.DefaultMetaData">
              <payload class="org.mule.common.metadata.DefaultListMetaDataModel">
                <dataType>LIST</dataType>
                <metaDataModelPropertiesManager>
                  <properties/>
                </metaDataModelPropertiesManager>
                <model class="org.mule.common.metadata.DefaultParameterizedMapMetaDataModel">
                  <dataType>MAP</dataType>
                  <metaDataModelPropertiesManager>
                    <properties/>
                  </metaDataModelPropertiesManager>
                  <keyMetaDataModel class="org.mule.common.metadata.DefaultSimpleMetaDataModel">
                    <dataType>STRING</dataType>
                    <metaDataModelPropertiesManager>
                      <properties/>
                    </metaDataModelPropertiesManager>
                  </keyMetaDataModel>
                  <valueMetaDataModel class="org.mule.tooling.metadata.api.TypeRefMetaDataModel">
                    <connectorName>MySQL_Configuration</connectorName>
                    <typeId>java.lang.Object</typeId>
                  </valueMetaDataModel>
                </model>
                <isArray>false</isArray>
              </payload>
              <properties>
                <entry>
                  <org.mule.common.metadata.MetaDataPropertyScope>OUTBOUND</org.mule.common.metadata.MetaDataPropertyScope>
                  <org.mule.common.metadata.MetaDataProperties>
                    <fields/>
                  </org.mule.common.metadata.MetaDataProperties>
                </entry>
                <entry>
                  <org.mule.common.metadata.MetaDataPropertyScope>FLOW</org.mule.common.metadata.MetaDataPropertyScope>
                  <org.mule.common.metadata.MetaDataProperties>
                    <fields/>
                  </org.mule.common.metadata.MetaDataProperties>
                </entry>
                <entry>
                  <org.mule.common.metadata.MetaDataPropertyScope>INBOUND</org.mule.common.metadata.MetaDataPropertyScope>
                  <org.mule.common.metadata.MetaDataProperties>
                    <fields/>
                  </org.mule.common.metadata.MetaDataProperties>
                </entry>
                <entry>
                  <org.mule.common.metadata.MetaDataPropertyScope>SESSION</org.mule.common.metadata.MetaDataPropertyScope>
                  <org.mule.common.metadata.MetaDataProperties>
                    <fields/>
                  </org.mule.common.metadata.MetaDataProperties>
                </entry>
                <entry>
                  <org.mule.common.metadata.MetaDataPropertyScope>RECORD</org.mule.common.metadata.MetaDataPropertyScope>
                  <org.mule.common.metadata.MetaDataProperties>
                    <fields/>
                  </org.mule.common.metadata.MetaDataProperties>
                </entry>
              </properties>
            </output>
          </org.mule.tooling.metadata.cache.DefaultMetadataCacheEntry>
        </entry>
        <entry>
          <string>insert into File (fileName, fileType)
values (&apos;&apos;,&apos;ad&apos;)</string>
          <org.mule.tooling.metadata.cache.DefaultMetadataCacheEntry>
            <output class="org.mule.common.metadata.DefaultMetaData">
              <payload class="org.mule.common.metadata.DefaultSimpleMetaDataModel">
                <dataType>DOUBLE</dataType>
                <metaDataModelPropertiesManager>
                  <properties/>
                </metaDataModelPropertiesManager>
              </payload>
              <properties>
                <entry>
                  <org.mule.common.metadata.MetaDataPropertyScope>OUTBOUND</org.mule.common.metadata.MetaDataPropertyScope>
                  <org.mule.common.metadata.MetaDataProperties>
                    <fields/>
                  </org.mule.common.metadata.MetaDataProperties>
                </entry>
                <entry>
                  <org.mule.common.metadata.MetaDataPropertyScope>FLOW</org.mule.common.metadata.MetaDataPropertyScope>
                  <org.mule.common.metadata.MetaDataProperties>
                    <fields/>
                  </org.mule.common.metadata.MetaDataProperties>
                </entry>
                <entry>
                  <org.mule.common.metadata.MetaDataPropertyScope>INBOUND</org.mule.common.metadata.MetaDataPropertyScope>
                  <org.mule.common.metadata.MetaDataProperties>
                    <fields/>
                  </org.mule.common.metadata.MetaDataProperties>
                </entry>
                <entry>
                  <org.mule.common.metadata.MetaDataPropertyScope>SESSION</org.mule.common.metadata.MetaDataPropertyScope>
                  <org.mule.common.metadata.MetaDataProperties>
                    <fields/>
                  </org.mule.common.metadata.MetaDataProperties>
                </entry>
                <entry>
                  <org.mule.common.metadata.MetaDataPropertyScope>RECORD</org.mule.common.metadata.MetaDataPropertyScope>
                  <org.mule.common.metadata.MetaDataProperties>
                    <fields/>
                  </org.mule.common.metadata.MetaDataProperties>
                </entry>
              </properties>
            </output>
          </org.mule.tooling.metadata.cache.DefaultMetadataCacheEntry>
        </entry>
        <entry>
          <string>insert into UpNext (fileId, storeId)
values (,#[flowVars.storeId])</string>
          <org.mule.tooling.metadata.cache.DefaultMetadataCacheEntry>
            <output class="org.mule.common.metadata.DefaultMetaData">
              <payload class="org.mule.common.metadata.DefaultSimpleMetaDataModel">
                <dataType>DOUBLE</dataType>
                <metaDataModelPropertiesManager>
                  <properties/>
                </metaDataModelPropertiesManager>
              </payload>
              <properties>
                <entry>
                  <org.mule.common.metadata.MetaDataPropertyScope>OUTBOUND</org.mule.common.metadata.MetaDataPropertyScope>
                  <org.mule.common.metadata.MetaDataProperties>
                    <fields/>
                  </org.mule.common.metadata.MetaDataProperties>
                </entry>
                <entry>
                  <org.mule.common.metadata.MetaDataPropertyScope>FLOW</org.mule.common.metadata.MetaDataPropertyScope>
                  <org.mule.common.metadata.MetaDataProperties>
                    <fields/>
                  </org.mule.common.metadata.MetaDataProperties>
                </entry>
                <entry>
                  <org.mule.common.metadata.MetaDataPropertyScope>INBOUND</org.mule.common.metadata.MetaDataPropertyScope>
                  <org.mule.common.metadata.MetaDataProperties>
                    <fields/>
                  </org.mule.common.metadata.MetaDataProperties>
                </entry>
                <entry>
                  <org.mule.common.metadata.MetaDataPropertyScope>SESSION</org.mule.common.metadata.MetaDataPropertyScope>
                  <org.mule.common.metadata.MetaDataProperties>
                    <fields/>
                  </org.mule.common.metadata.MetaDataProperties>
                </entry>
                <entry>
                  <org.mule.common.metadata.MetaDataPropertyScope>RECORD</org.mule.common.metadata.MetaDataPropertyScope>
                  <org.mule.common.metadata.MetaDataProperties>
                    <fields/>
                  </org.mule.common.metadata.MetaDataProperties>
                </entry>
              </properties>
            </output>
          </org.mule.tooling.metadata.cache.DefaultMetadataCacheEntry>
        </entry>
      </map>
    </entry>
    <entry>
      <string>http://www.mulesoft.org/schema/mule/db/select</string>
      <map>
        <entry>
          <string>select u.upNextId, f.fileName, f.fileType, s.storeId, u.played
from UpNext u, File f, Store s 
where u.fileId=f.fileId
and u.storeId=s.storeId
and u.storeId=1</string>
          <org.mule.tooling.metadata.cache.DefaultMetadataCacheEntry>
            <output class="org.mule.common.metadata.DefaultMetaData">
              <payload class="org.mule.common.metadata.DefaultListMetaDataModel">
                <dataType>LIST</dataType>
                <metaDataModelPropertiesManager>
                  <properties/>
                </metaDataModelPropertiesManager>
                <model class="org.mule.common.metadata.DefaultDefinedMapMetaDataModel">
                  <dataType>MAP</dataType>
                  <metaDataModelPropertiesManager>
                    <properties/>
                  </metaDataModelPropertiesManager>
                  <fields>
                    <org.mule.common.metadata.DefaultMetaDataField>
                      <name>fileName</name>
                      <model class="org.mule.common.metadata.DefaultSimpleMetaDataModel">
                        <dataType>STRING</dataType>
                        <metaDataModelPropertiesManager>
                          <properties/>
                        </metaDataModelPropertiesManager>
                      </model>
                      <accessType>READ_WRITE</accessType>
                      <metaDataFieldPropertyManager>
                        <properties>
                          <org.mule.common.metadata.field.property.dsql.DsqlSelectMetaDataFieldProperty/>
                          <org.mule.common.metadata.field.property.dsql.DsqlWhereMetaDataFieldProperty/>
                          <org.mule.common.metadata.field.property.dsql.DsqlOrderMetaDataFieldProperty/>
                          <org.mule.common.metadata.field.property.dsql.DsqlQueryOperatorsMetaDataFieldProperty>
                            <supportedOperators>
                              <org.mule.common.query.expression.LessOperator/>
                              <org.mule.common.query.expression.LessOrEqualsOperator/>
                              <org.mule.common.query.expression.EqualsOperator/>
                              <org.mule.common.query.expression.GreaterOperator/>
                              <org.mule.common.query.expression.GreaterOrEqualsOperator/>
                              <org.mule.common.query.expression.NotEqualsOperator/>
                              <org.mule.common.query.expression.LikeOperator/>
                            </supportedOperators>
                          </org.mule.common.metadata.field.property.dsql.DsqlQueryOperatorsMetaDataFieldProperty>
                        </properties>
                      </metaDataFieldPropertyManager>
                    </org.mule.common.metadata.DefaultMetaDataField>
                    <org.mule.common.metadata.DefaultMetaDataField>
                      <name>storeId</name>
                      <model class="org.mule.common.metadata.DefaultSimpleMetaDataModel">
                        <dataType>INTEGER</dataType>
                        <metaDataModelPropertiesManager>
                          <properties/>
                        </metaDataModelPropertiesManager>
                      </model>
                      <accessType>READ_WRITE</accessType>
                      <metaDataFieldPropertyManager>
                        <properties>
                          <org.mule.common.metadata.field.property.dsql.DsqlSelectMetaDataFieldProperty/>
                          <org.mule.common.metadata.field.property.dsql.DsqlWhereMetaDataFieldProperty/>
                          <org.mule.common.metadata.field.property.dsql.DsqlOrderMetaDataFieldProperty/>
                          <org.mule.common.metadata.field.property.dsql.DsqlQueryOperatorsMetaDataFieldProperty>
                            <supportedOperators>
                              <org.mule.common.query.expression.LessOperator/>
                              <org.mule.common.query.expression.LessOrEqualsOperator/>
                              <org.mule.common.query.expression.EqualsOperator/>
                              <org.mule.common.query.expression.GreaterOperator/>
                              <org.mule.common.query.expression.GreaterOrEqualsOperator/>
                              <org.mule.common.query.expression.NotEqualsOperator/>
                            </supportedOperators>
                          </org.mule.common.metadata.field.property.dsql.DsqlQueryOperatorsMetaDataFieldProperty>
                        </properties>
                      </metaDataFieldPropertyManager>
                    </org.mule.common.metadata.DefaultMetaDataField>
                    <org.mule.common.metadata.DefaultMetaDataField>
                      <name>upNextId</name>
                      <model class="org.mule.common.metadata.DefaultSimpleMetaDataModel" reference="../../org.mule.common.metadata.DefaultMetaDataField[2]/model"/>
                      <accessType>READ_WRITE</accessType>
                      <metaDataFieldPropertyManager>
                        <properties>
                          <org.mule.common.metadata.field.property.dsql.DsqlSelectMetaDataFieldProperty/>
                          <org.mule.common.metadata.field.property.dsql.DsqlWhereMetaDataFieldProperty/>
                          <org.mule.common.metadata.field.property.dsql.DsqlOrderMetaDataFieldProperty/>
                          <org.mule.common.metadata.field.property.dsql.DsqlQueryOperatorsMetaDataFieldProperty>
                            <supportedOperators>
                              <org.mule.common.query.expression.LessOperator/>
                              <org.mule.common.query.expression.LessOrEqualsOperator/>
                              <org.mule.common.query.expression.EqualsOperator/>
                              <org.mule.common.query.expression.GreaterOperator/>
                              <org.mule.common.query.expression.GreaterOrEqualsOperator/>
                              <org.mule.common.query.expression.NotEqualsOperator/>
                            </supportedOperators>
                          </org.mule.common.metadata.field.property.dsql.DsqlQueryOperatorsMetaDataFieldProperty>
                        </properties>
                      </metaDataFieldPropertyManager>
                    </org.mule.common.metadata.DefaultMetaDataField>
                    <org.mule.common.metadata.DefaultMetaDataField>
                      <name>played</name>
                      <model class="org.mule.common.metadata.DefaultSimpleMetaDataModel">
                        <dataType>DATE_TIME</dataType>
                        <metaDataModelPropertiesManager>
                          <properties/>
                        </metaDataModelPropertiesManager>
                      </model>
                      <accessType>READ_WRITE</accessType>
                      <metaDataFieldPropertyManager>
                        <properties>
                          <org.mule.common.metadata.field.property.dsql.DsqlSelectMetaDataFieldProperty/>
                          <org.mule.common.metadata.field.property.dsql.DsqlWhereMetaDataFieldProperty/>
                          <org.mule.common.metadata.field.property.dsql.DsqlOrderMetaDataFieldProperty/>
                          <org.mule.common.metadata.field.property.dsql.DsqlQueryOperatorsMetaDataFieldProperty>
                            <supportedOperators>
                              <org.mule.common.query.expression.LessOperator/>
                              <org.mule.common.query.expression.LessOrEqualsOperator/>
                              <org.mule.common.query.expression.EqualsOperator/>
                              <org.mule.common.query.expression.GreaterOperator/>
                              <org.mule.common.query.expression.GreaterOrEqualsOperator/>
                              <org.mule.common.query.expression.NotEqualsOperator/>
                            </supportedOperators>
                          </org.mule.common.metadata.field.property.dsql.DsqlQueryOperatorsMetaDataFieldProperty>
                        </properties>
                      </metaDataFieldPropertyManager>
                    </org.mule.common.metadata.DefaultMetaDataField>
                    <org.mule.common.metadata.DefaultMetaDataField>
                      <name>fileType</name>
                      <model class="org.mule.common.metadata.DefaultSimpleMetaDataModel" reference="../../org.mule.common.metadata.DefaultMetaDataField/model"/>
                      <accessType>READ_WRITE</accessType>
                      <metaDataFieldPropertyManager>
                        <properties>
                          <org.mule.common.metadata.field.property.dsql.DsqlSelectMetaDataFieldProperty/>
                          <org.mule.common.metadata.field.property.dsql.DsqlWhereMetaDataFieldProperty/>
                          <org.mule.common.metadata.field.property.dsql.DsqlOrderMetaDataFieldProperty/>
                          <org.mule.common.metadata.field.property.dsql.DsqlQueryOperatorsMetaDataFieldProperty>
                            <supportedOperators>
                              <org.mule.common.query.expression.LessOperator/>
                              <org.mule.common.query.expression.LessOrEqualsOperator/>
                              <org.mule.common.query.expression.EqualsOperator/>
                              <org.mule.common.query.expression.GreaterOperator/>
                              <org.mule.common.query.expression.GreaterOrEqualsOperator/>
                              <org.mule.common.query.expression.NotEqualsOperator/>
                              <org.mule.common.query.expression.LikeOperator/>
                            </supportedOperators>
                          </org.mule.common.metadata.field.property.dsql.DsqlQueryOperatorsMetaDataFieldProperty>
                        </properties>
                      </metaDataFieldPropertyManager>
                    </org.mule.common.metadata.DefaultMetaDataField>
                  </fields>
                </model>
                <isArray>false</isArray>
              </payload>
              <properties>
                <entry>
                  <org.mule.common.metadata.MetaDataPropertyScope>OUTBOUND</org.mule.common.metadata.MetaDataPropertyScope>
                  <org.mule.common.metadata.MetaDataProperties>
                    <fields/>
                  </org.mule.common.metadata.MetaDataProperties>
                </entry>
                <entry>
                  <org.mule.common.metadata.MetaDataPropertyScope>FLOW</org.mule.common.metadata.MetaDataPropertyScope>
                  <org.mule.common.metadata.MetaDataProperties>
                    <fields/>
                  </org.mule.common.metadata.MetaDataProperties>
                </entry>
                <entry>
                  <org.mule.common.metadata.MetaDataPropertyScope>INBOUND</org.mule.common.metadata.MetaDataPropertyScope>
                  <org.mule.common.metadata.MetaDataProperties>
                    <fields/>
                  </org.mule.common.metadata.MetaDataProperties>
                </entry>
                <entry>
                  <org.mule.common.metadata.MetaDataPropertyScope>SESSION</org.mule.common.metadata.MetaDataPropertyScope>
                  <org.mule.common.metadata.MetaDataProperties>
                    <fields/>
                  </org.mule.common.metadata.MetaDataProperties>
                </entry>
                <entry>
                  <org.mule.common.metadata.MetaDataPropertyScope>RECORD</org.mule.common.metadata.MetaDataPropertyScope>
                  <org.mule.common.metadata.MetaDataProperties>
                    <fields/>
                  </org.mule.common.metadata.MetaDataProperties>
                </entry>
              </properties>
            </output>
          </org.mule.tooling.metadata.cache.DefaultMetadataCacheEntry>
        </entry>
        <entry>
          <string>select * from UpNext
where upNextId=#[flowVars.upNextId]</string>
          <org.mule.tooling.metadata.cache.DefaultMetadataCacheEntry>
            <output class="org.mule.common.metadata.DefaultMetaData">
              <payload class="org.mule.common.metadata.DefaultListMetaDataModel">
                <dataType>LIST</dataType>
                <metaDataModelPropertiesManager>
                  <properties/>
                </metaDataModelPropertiesManager>
                <model class="org.mule.common.metadata.DefaultDefinedMapMetaDataModel">
                  <dataType>MAP</dataType>
                  <metaDataModelPropertiesManager>
                    <properties/>
                  </metaDataModelPropertiesManager>
                  <fields>
                    <org.mule.common.metadata.DefaultMetaDataField>
                      <name>storeId</name>
                      <model class="org.mule.common.metadata.DefaultSimpleMetaDataModel">
                        <dataType>INTEGER</dataType>
                        <metaDataModelPropertiesManager>
                          <properties/>
                        </metaDataModelPropertiesManager>
                      </model>
                      <accessType>READ_WRITE</accessType>
                      <metaDataFieldPropertyManager>
                        <properties>
                          <org.mule.common.metadata.field.property.dsql.DsqlSelectMetaDataFieldProperty/>
                          <org.mule.common.metadata.field.property.dsql.DsqlWhereMetaDataFieldProperty/>
                          <org.mule.common.metadata.field.property.dsql.DsqlOrderMetaDataFieldProperty/>
                          <org.mule.common.metadata.field.property.dsql.DsqlQueryOperatorsMetaDataFieldProperty>
                            <supportedOperators>
                              <org.mule.common.query.expression.LessOperator/>
                              <org.mule.common.query.expression.LessOrEqualsOperator/>
                              <org.mule.common.query.expression.EqualsOperator/>
                              <org.mule.common.query.expression.GreaterOperator/>
                              <org.mule.common.query.expression.GreaterOrEqualsOperator/>
                              <org.mule.common.query.expression.NotEqualsOperator/>
                            </supportedOperators>
                          </org.mule.common.metadata.field.property.dsql.DsqlQueryOperatorsMetaDataFieldProperty>
                        </properties>
                      </metaDataFieldPropertyManager>
                    </org.mule.common.metadata.DefaultMetaDataField>
                    <org.mule.common.metadata.DefaultMetaDataField>
                      <name>upNextId</name>
                      <model class="org.mule.common.metadata.DefaultSimpleMetaDataModel" reference="../../org.mule.common.metadata.DefaultMetaDataField/model"/>
                      <accessType>READ_WRITE</accessType>
                      <metaDataFieldPropertyManager>
                        <properties>
                          <org.mule.common.metadata.field.property.dsql.DsqlSelectMetaDataFieldProperty/>
                          <org.mule.common.metadata.field.property.dsql.DsqlWhereMetaDataFieldProperty/>
                          <org.mule.common.metadata.field.property.dsql.DsqlOrderMetaDataFieldProperty/>
                          <org.mule.common.metadata.field.property.dsql.DsqlQueryOperatorsMetaDataFieldProperty>
                            <supportedOperators>
                              <org.mule.common.query.expression.LessOperator/>
                              <org.mule.common.query.expression.LessOrEqualsOperator/>
                              <org.mule.common.query.expression.EqualsOperator/>
                              <org.mule.common.query.expression.GreaterOperator/>
                              <org.mule.common.query.expression.GreaterOrEqualsOperator/>
                              <org.mule.common.query.expression.NotEqualsOperator/>
                            </supportedOperators>
                          </org.mule.common.metadata.field.property.dsql.DsqlQueryOperatorsMetaDataFieldProperty>
                        </properties>
                      </metaDataFieldPropertyManager>
                    </org.mule.common.metadata.DefaultMetaDataField>
                    <org.mule.common.metadata.DefaultMetaDataField>
                      <name>played</name>
                      <model class="org.mule.common.metadata.DefaultSimpleMetaDataModel">
                        <dataType>DATE_TIME</dataType>
                        <metaDataModelPropertiesManager>
                          <properties/>
                        </metaDataModelPropertiesManager>
                      </model>
                      <accessType>READ_WRITE</accessType>
                      <metaDataFieldPropertyManager>
                        <properties>
                          <org.mule.common.metadata.field.property.dsql.DsqlSelectMetaDataFieldProperty/>
                          <org.mule.common.metadata.field.property.dsql.DsqlWhereMetaDataFieldProperty/>
                          <org.mule.common.metadata.field.property.dsql.DsqlOrderMetaDataFieldProperty/>
                          <org.mule.common.metadata.field.property.dsql.DsqlQueryOperatorsMetaDataFieldProperty>
                            <supportedOperators>
                              <org.mule.common.query.expression.LessOperator/>
                              <org.mule.common.query.expression.LessOrEqualsOperator/>
                              <org.mule.common.query.expression.EqualsOperator/>
                              <org.mule.common.query.expression.GreaterOperator/>
                              <org.mule.common.query.expression.GreaterOrEqualsOperator/>
                              <org.mule.common.query.expression.NotEqualsOperator/>
                            </supportedOperators>
                          </org.mule.common.metadata.field.property.dsql.DsqlQueryOperatorsMetaDataFieldProperty>
                        </properties>
                      </metaDataFieldPropertyManager>
                    </org.mule.common.metadata.DefaultMetaDataField>
                    <org.mule.common.metadata.DefaultMetaDataField>
                      <name>fileId</name>
                      <model class="org.mule.common.metadata.DefaultSimpleMetaDataModel" reference="../../org.mule.common.metadata.DefaultMetaDataField/model"/>
                      <accessType>READ_WRITE</accessType>
                      <metaDataFieldPropertyManager>
                        <properties>
                          <org.mule.common.metadata.field.property.dsql.DsqlSelectMetaDataFieldProperty/>
                          <org.mule.common.metadata.field.property.dsql.DsqlWhereMetaDataFieldProperty/>
                          <org.mule.common.metadata.field.property.dsql.DsqlOrderMetaDataFieldProperty/>
                          <org.mule.common.metadata.field.property.dsql.DsqlQueryOperatorsMetaDataFieldProperty>
                            <supportedOperators>
                              <org.mule.common.query.expression.LessOperator/>
                              <org.mule.common.query.expression.LessOrEqualsOperator/>
                              <org.mule.common.query.expression.EqualsOperator/>
                              <org.mule.common.query.expression.GreaterOperator/>
                              <org.mule.common.query.expression.GreaterOrEqualsOperator/>
                              <org.mule.common.query.expression.NotEqualsOperator/>
                            </supportedOperators>
                          </org.mule.common.metadata.field.property.dsql.DsqlQueryOperatorsMetaDataFieldProperty>
                        </properties>
                      </metaDataFieldPropertyManager>
                    </org.mule.common.metadata.DefaultMetaDataField>
                  </fields>
                </model>
                <isArray>false</isArray>
              </payload>
              <properties>
                <entry>
                  <org.mule.common.metadata.MetaDataPropertyScope>OUTBOUND</org.mule.common.metadata.MetaDataPropertyScope>
                  <org.mule.common.metadata.MetaDataProperties>
                    <fields/>
                  </org.mule.common.metadata.MetaDataProperties>
                </entry>
                <entry>
                  <org.mule.common.metadata.MetaDataPropertyScope>FLOW</org.mule.common.metadata.MetaDataPropertyScope>
                  <org.mule.common.metadata.MetaDataProperties>
                    <fields/>
                  </org.mule.common.metadata.MetaDataProperties>
                </entry>
                <entry>
                  <org.mule.common.metadata.MetaDataPropertyScope>INBOUND</org.mule.common.metadata.MetaDataPropertyScope>
                  <org.mule.common.metadata.MetaDataProperties>
                    <fields/>
                  </org.mule.common.metadata.MetaDataProperties>
                </entry>
                <entry>
                  <org.mule.common.metadata.MetaDataPropertyScope>SESSION</org.mule.common.metadata.MetaDataPropertyScope>
                  <org.mule.common.metadata.MetaDataProperties>
                    <fields/>
                  </org.mule.common.metadata.MetaDataProperties>
                </entry>
                <entry>
                  <org.mule.common.metadata.MetaDataPropertyScope>RECORD</org.mule.common.metadata.MetaDataPropertyScope>
                  <org.mule.common.metadata.MetaDataProperties>
                    <fields/>
                  </org.mule.common.metadata.MetaDataProperties>
                </entry>
              </properties>
            </output>
          </org.mule.tooling.metadata.cache.DefaultMetadataCacheEntry>
        </entry>
        <entry>
          <string>select u.upNextId, f.fileName, f.fileType, s.storeId, u.played
from UpNext u, File f, Store s 
where u.fileId=f.fileId
and u.storeId=s.storeId
and u.storeId=#[flowVars.storeId]</string>
          <org.mule.tooling.metadata.cache.DefaultMetadataCacheEntry>
            <output class="org.mule.common.metadata.DefaultMetaData">
              <payload class="org.mule.common.metadata.DefaultListMetaDataModel">
                <dataType>LIST</dataType>
                <metaDataModelPropertiesManager>
                  <properties/>
                </metaDataModelPropertiesManager>
                <model class="org.mule.common.metadata.DefaultDefinedMapMetaDataModel">
                  <dataType>MAP</dataType>
                  <metaDataModelPropertiesManager>
                    <properties/>
                  </metaDataModelPropertiesManager>
                  <fields>
                    <org.mule.common.metadata.DefaultMetaDataField>
                      <name>fileName</name>
                      <model class="org.mule.common.metadata.DefaultSimpleMetaDataModel">
                        <dataType>STRING</dataType>
                        <metaDataModelPropertiesManager>
                          <properties/>
                        </metaDataModelPropertiesManager>
                      </model>
                      <accessType>READ_WRITE</accessType>
                      <metaDataFieldPropertyManager>
                        <properties>
                          <org.mule.common.metadata.field.property.dsql.DsqlSelectMetaDataFieldProperty/>
                          <org.mule.common.metadata.field.property.dsql.DsqlWhereMetaDataFieldProperty/>
                          <org.mule.common.metadata.field.property.dsql.DsqlOrderMetaDataFieldProperty/>
                          <org.mule.common.metadata.field.property.dsql.DsqlQueryOperatorsMetaDataFieldProperty>
                            <supportedOperators>
                              <org.mule.common.query.expression.LessOperator/>
                              <org.mule.common.query.expression.LessOrEqualsOperator/>
                              <org.mule.common.query.expression.EqualsOperator/>
                              <org.mule.common.query.expression.GreaterOperator/>
                              <org.mule.common.query.expression.GreaterOrEqualsOperator/>
                              <org.mule.common.query.expression.NotEqualsOperator/>
                              <org.mule.common.query.expression.LikeOperator/>
                            </supportedOperators>
                          </org.mule.common.metadata.field.property.dsql.DsqlQueryOperatorsMetaDataFieldProperty>
                        </properties>
                      </metaDataFieldPropertyManager>
                    </org.mule.common.metadata.DefaultMetaDataField>
                    <org.mule.common.metadata.DefaultMetaDataField>
                      <name>storeId</name>
                      <model class="org.mule.common.metadata.DefaultSimpleMetaDataModel">
                        <dataType>INTEGER</dataType>
                        <metaDataModelPropertiesManager>
                          <properties/>
                        </metaDataModelPropertiesManager>
                      </model>
                      <accessType>READ_WRITE</accessType>
                      <metaDataFieldPropertyManager>
                        <properties>
                          <org.mule.common.metadata.field.property.dsql.DsqlSelectMetaDataFieldProperty/>
                          <org.mule.common.metadata.field.property.dsql.DsqlWhereMetaDataFieldProperty/>
                          <org.mule.common.metadata.field.property.dsql.DsqlOrderMetaDataFieldProperty/>
                          <org.mule.common.metadata.field.property.dsql.DsqlQueryOperatorsMetaDataFieldProperty>
                            <supportedOperators>
                              <org.mule.common.query.expression.LessOperator/>
                              <org.mule.common.query.expression.LessOrEqualsOperator/>
                              <org.mule.common.query.expression.EqualsOperator/>
                              <org.mule.common.query.expression.GreaterOperator/>
                              <org.mule.common.query.expression.GreaterOrEqualsOperator/>
                              <org.mule.common.query.expression.NotEqualsOperator/>
                            </supportedOperators>
                          </org.mule.common.metadata.field.property.dsql.DsqlQueryOperatorsMetaDataFieldProperty>
                        </properties>
                      </metaDataFieldPropertyManager>
                    </org.mule.common.metadata.DefaultMetaDataField>
                    <org.mule.common.metadata.DefaultMetaDataField>
                      <name>upNextId</name>
                      <model class="org.mule.common.metadata.DefaultSimpleMetaDataModel" reference="../../org.mule.common.metadata.DefaultMetaDataField[2]/model"/>
                      <accessType>READ_WRITE</accessType>
                      <metaDataFieldPropertyManager>
                        <properties>
                          <org.mule.common.metadata.field.property.dsql.DsqlSelectMetaDataFieldProperty/>
                          <org.mule.common.metadata.field.property.dsql.DsqlWhereMetaDataFieldProperty/>
                          <org.mule.common.metadata.field.property.dsql.DsqlOrderMetaDataFieldProperty/>
                          <org.mule.common.metadata.field.property.dsql.DsqlQueryOperatorsMetaDataFieldProperty>
                            <supportedOperators>
                              <org.mule.common.query.expression.LessOperator/>
                              <org.mule.common.query.expression.LessOrEqualsOperator/>
                              <org.mule.common.query.expression.EqualsOperator/>
                              <org.mule.common.query.expression.GreaterOperator/>
                              <org.mule.common.query.expression.GreaterOrEqualsOperator/>
                              <org.mule.common.query.expression.NotEqualsOperator/>
                            </supportedOperators>
                          </org.mule.common.metadata.field.property.dsql.DsqlQueryOperatorsMetaDataFieldProperty>
                        </properties>
                      </metaDataFieldPropertyManager>
                    </org.mule.common.metadata.DefaultMetaDataField>
                    <org.mule.common.metadata.DefaultMetaDataField>
                      <name>played</name>
                      <model class="org.mule.common.metadata.DefaultSimpleMetaDataModel">
                        <dataType>DATE_TIME</dataType>
                        <metaDataModelPropertiesManager>
                          <properties/>
                        </metaDataModelPropertiesManager>
                      </model>
                      <accessType>READ_WRITE</accessType>
                      <metaDataFieldPropertyManager>
                        <properties>
                          <org.mule.common.metadata.field.property.dsql.DsqlSelectMetaDataFieldProperty/>
                          <org.mule.common.metadata.field.property.dsql.DsqlWhereMetaDataFieldProperty/>
                          <org.mule.common.metadata.field.property.dsql.DsqlOrderMetaDataFieldProperty/>
                          <org.mule.common.metadata.field.property.dsql.DsqlQueryOperatorsMetaDataFieldProperty>
                            <supportedOperators>
                              <org.mule.common.query.expression.LessOperator/>
                              <org.mule.common.query.expression.LessOrEqualsOperator/>
                              <org.mule.common.query.expression.EqualsOperator/>
                              <org.mule.common.query.expression.GreaterOperator/>
                              <org.mule.common.query.expression.GreaterOrEqualsOperator/>
                              <org.mule.common.query.expression.NotEqualsOperator/>
                            </supportedOperators>
                          </org.mule.common.metadata.field.property.dsql.DsqlQueryOperatorsMetaDataFieldProperty>
                        </properties>
                      </metaDataFieldPropertyManager>
                    </org.mule.common.metadata.DefaultMetaDataField>
                    <org.mule.common.metadata.DefaultMetaDataField>
                      <name>fileType</name>
                      <model class="org.mule.common.metadata.DefaultSimpleMetaDataModel" reference="../../org.mule.common.metadata.DefaultMetaDataField/model"/>
                      <accessType>READ_WRITE</accessType>
                      <metaDataFieldPropertyManager>
                        <properties>
                          <org.mule.common.metadata.field.property.dsql.DsqlSelectMetaDataFieldProperty/>
                          <org.mule.common.metadata.field.property.dsql.DsqlWhereMetaDataFieldProperty/>
                          <org.mule.common.metadata.field.property.dsql.DsqlOrderMetaDataFieldProperty/>
                          <org.mule.common.metadata.field.property.dsql.DsqlQueryOperatorsMetaDataFieldProperty>
                            <supportedOperators>
                              <org.mule.common.query.expression.LessOperator/>
                              <org.mule.common.query.expression.LessOrEqualsOperator/>
                              <org.mule.common.query.expression.EqualsOperator/>
                              <org.mule.common.query.expression.GreaterOperator/>
                              <org.mule.common.query.expression.GreaterOrEqualsOperator/>
                              <org.mule.common.query.expression.NotEqualsOperator/>
                              <org.mule.common.query.expression.LikeOperator/>
                            </supportedOperators>
                          </org.mule.common.metadata.field.property.dsql.DsqlQueryOperatorsMetaDataFieldProperty>
                        </properties>
                      </metaDataFieldPropertyManager>
                    </org.mule.common.metadata.DefaultMetaDataField>
                  </fields>
                </model>
                <isArray>false</isArray>
              </payload>
              <properties>
                <entry>
                  <org.mule.common.metadata.MetaDataPropertyScope>OUTBOUND</org.mule.common.metadata.MetaDataPropertyScope>
                  <org.mule.common.metadata.MetaDataProperties>
                    <fields/>
                  </org.mule.common.metadata.MetaDataProperties>
                </entry>
                <entry>
                  <org.mule.common.metadata.MetaDataPropertyScope>FLOW</org.mule.common.metadata.MetaDataPropertyScope>
                  <org.mule.common.metadata.MetaDataProperties>
                    <fields/>
                  </org.mule.common.metadata.MetaDataProperties>
                </entry>
                <entry>
                  <org.mule.common.metadata.MetaDataPropertyScope>INBOUND</org.mule.common.metadata.MetaDataPropertyScope>
                  <org.mule.common.metadata.MetaDataProperties>
                    <fields/>
                  </org.mule.common.metadata.MetaDataProperties>
                </entry>
                <entry>
                  <org.mule.common.metadata.MetaDataPropertyScope>SESSION</org.mule.common.metadata.MetaDataPropertyScope>
                  <org.mule.common.metadata.MetaDataProperties>
                    <fields/>
                  </org.mule.common.metadata.MetaDataProperties>
                </entry>
                <entry>
                  <org.mule.common.metadata.MetaDataPropertyScope>RECORD</org.mule.common.metadata.MetaDataPropertyScope>
                  <org.mule.common.metadata.MetaDataProperties>
                    <fields/>
                  </org.mule.common.metadata.MetaDataProperties>
                </entry>
              </properties>
            </output>
          </org.mule.tooling.metadata.cache.DefaultMetadataCacheEntry>
        </entry>
      </map>
    </entry>
  </metadataIo>
</metadata__cache__entry>